Malware Sample,Malware Type,Malware Family,Rule Generation Method,Rule Type,Testing Type,ID,True Positives (TP),False Negatives (FN),False Positives (FP)
Sample A,Ransomware,AKira,MAN,DET,TT,ID0001,1,0,0
Sample A,Ransomware,AKira,MAN,DET,TT,ID0002,1,0,0
Sample A,Ransomware,AKira,MAN,CORR,TT,ID0003,1,0,0
Sample A,Ransomware,AKira,MAI,DET,TT,ID0004,1,0,0
Sample A,Ransomware,AKira,MAI,DET,TT,ID0005,1,0,0
Sample A,Ransomware,AKira,MAI,CORR,TT,ID0006,1,0,0
Sample A,Ransomware,AKira,AI,DET,TT,ID0010,1,0,0
Sample A,Ransomware,AKira,AI,DET,TT,ID0011,1,0,0
Sample A,Ransomware,AKira,AI,CORR,TT,ID0012,1,0,0
Sample A,Ransomware,AKira,MAN,DET,NTT,ID0001,1,14,0
Sample A,Ransomware,AKira,MAN,DET,NTT,ID0002,1,14,0
Sample A,Ransomware,AKira,MAN,CORR,NTT,ID0003,1,14,0
Sample A,Ransomware,AKira,MAI,DET,NTT,ID0004,1,14,0
Sample A,Ransomware,AKira,MAI,DET,NTT,ID0005,1,14,0
Sample A,Ransomware,AKira,MAI,CORR,NTT,ID0006,1,14,0
Sample A,Ransomware,AKira,AI,DET,NTT,ID0010,1,14,0
Sample A,Ransomware,AKira,AI,DET,NTT,ID0011,3,12,0
Sample A,Ransomware,AKira,AI,CORR,NTT,ID0012,1,14,0
Sample C,RAT,AsyncRAT,MAN,DET,TT,ID1001,1,0,19
Sample C,RAT,AsyncRAT,MAN,DET,TT,ID1002,1,0,0
Sample C,RAT,AsyncRAT,MAN,CORR,TT,ID1003,1,0,0
Sample C,RAT,AsyncRAT,MAI,DET,TT,ID1004,1,0,19
Sample C,RAT,AsyncRAT,MAI,DET,TT,ID1005,1,0,0
Sample C,RAT,AsyncRAT,MAI,CORR,TT,ID1006,1,0,0
Sample C,RAT,AsyncRAT,AI,DET,TT,ID1010,1,0,0
Sample C,RAT,AsyncRAT,AI,DET,TT,ID1011,1,0,0
Sample C,RAT,AsyncRAT,AI,CORR,TT,ID1012,1,0,0
Sample C,RAT,AsyncRAT,MAN,DET,NTT,ID1001,5,10,0
Sample C,RAT,AsyncRAT,MAN,DET,NTT,ID1002,0,15,0
Sample C,RAT,AsyncRAT,MAN,CORR,NTT,ID1003,0,15,0
Sample C,RAT,AsyncRAT,MAI,DET,NTT,ID1004,5,10,0
Sample C,RAT,AsyncRAT,MAI,DET,NTT,ID1005,0,15,0
Sample C,RAT,AsyncRAT,MAI,CORR,NTT,ID1006,0,15,0
Sample C,RAT,AsyncRAT,AI,DET,NTT,ID1010,0,15,0
Sample C,RAT,AsyncRAT,AI,DET,NTT,ID1011,0,15,0
Sample C,RAT,AsyncRAT,AI,CORR,NTT,ID1012,0,15,0
Sample G,InfoStealer,Lumma,MAN,DET,TT,ID2001,1,0,0
Sample G,InfoStealer,Lumma,MAN,DET,TT,ID2002,1,0,0
Sample G,InfoStealer,Lumma,MAN,CORR,TT,ID2003,1,0,0
Sample G,InfoStealer,Lumma,MAI,DET,TT,ID2004,1,0,0
Sample G,InfoStealer,Lumma,MAI,DET,TT,ID2005,1,0,0
Sample G,InfoStealer,Lumma,MAI,CORR,TT,ID2006,1,0,0
Sample G,InfoStealer,Lumma,AI,DET,TT,ID2010,1,0,0
Sample G,InfoStealer,Lumma,AI,DET,TT,ID2011,1,0,0
Sample G,InfoStealer,Lumma,AI,CORR,TT,ID2012,1,0,0
Sample G,InfoStealer,Lumma,MAN,DET,NTT,ID2001,0,15,0
Sample G,InfoStealer,Lumma,MAN,DET,NTT,ID2002,0,15,0
Sample G,InfoStealer,Lumma,MAN,CORR,NTT,ID2003,0,15,0
Sample G,InfoStealer,Lumma,MAI,DET,NTT,ID2004,0,15,0
Sample G,InfoStealer,Lumma,MAI,DET,NTT,ID2005,0,15,0
Sample G,InfoStealer,Lumma,MAI,CORR,NTT,ID2006,0,15,0
Sample G,InfoStealer,Lumma,AI,DET,NTT,ID2010,0,15,0
Sample G,InfoStealer,Lumma,AI,DET,NTT,ID2011,0,15,0
Sample G,InfoStealer,Lumma,AI,CORR,NTT,ID2012,0,15,0
Sample E,Trojan,Phorpiex,MAN,DET,TT,ID3001,1,0,0
Sample E,Trojan,Phorpiex,MAN,DET,TT,ID3002,1,0,2
Sample E,Trojan,Phorpiex,MAN,CORR,TT,ID3003,1,0,0
Sample E,Trojan,Phorpiex,MAI,DET,TT,ID3004,1,0,0
Sample E,Trojan,Phorpiex,MAI,DET,TT,ID3005,1,0,2
Sample E,Trojan,Phorpiex,MAI,CORR,TT,ID3006,1,0,0
Sample E,Trojan,Phorpiex,AI,DET,TT,ID3010,1,0,30
Sample E,Trojan,Phorpiex,AI,DET,TT,ID3011,1,0,103
Sample E,Trojan,Phorpiex,AI,CORR,TT,ID3012,0,1,3
Sample E,Trojan,Phorpiex,MAN,DET,NTT,ID3001,0,15,0
Sample E,Trojan,Phorpiex,MAN,DET,NTT,ID3002,3,12,0
Sample E,Trojan,Phorpiex,MAN,CORR,NTT,ID3003,0,15,0
Sample E,Trojan,Phorpiex,MAI,DET,NTT,ID3004,0,15,0
Sample E,Trojan,Phorpiex,MAI,DET,NTT,ID3005,3,12,0
Sample E,Trojan,Phorpiex,MAI,CORR,NTT,ID3006,0,15,0
Sample E,Trojan,Phorpiex,AI,DET,NTT,ID3010,4,11,0
Sample E,Trojan,Phorpiex,AI,DET,NTT,ID3011,1,14,0
Sample E,Trojan,Phorpiex,AI,CORR,NTT,ID3012,0,15,0
Sample F,Trojan,Remcos,MAN,DET,TT,ID4001,1,0,0
Sample F,Trojan,Remcos,MAN,DET,TT,ID4002,1,0,0
Sample F,Trojan,Remcos,MAN,CORR,TT,ID4003,1,0,0
Sample F,Trojan,Remcos,MAI,DET,TT,ID4004,1,0,0
Sample F,Trojan,Remcos,MAI,DET,TT,ID4005,1,0,0
Sample F,Trojan,Remcos,MAI,CORR,TT,ID4006,1,0,0
Sample F,Trojan,Remcos,AI,DET,TT,ID4010,1,0,0
Sample F,Trojan,Remcos,AI,DET,TT,ID4011,1,0,0
Sample F,Trojan,Remcos,AI,CORR,TT,ID4012,1,0,0
Sample F,Trojan,Remcos,MAN,DET,NTT,ID4001,1,14,0
Sample F,Trojan,Remcos,MAN,DET,NTT,ID4002,0,15,0
Sample F,Trojan,Remcos,MAN,CORR,NTT,ID4003,0,15,0
Sample F,Trojan,Remcos,MAI,DET,NTT,ID4004,1,14,0
Sample F,Trojan,Remcos,MAI,DET,NTT,ID4005,0,15,0
Sample F,Trojan,Remcos,MAI,CORR,NTT,ID4006,0,15,0
Sample F,Trojan,Remcos,AI,DET,NTT,ID4010,1,14,0
Sample F,Trojan,Remcos,AI,DET,NTT,ID4011,0,15,0
Sample F,Trojan,Remcos,AI,CORR,NTT,ID4012,0,15,0
Sample H,InfoStealer,Snake,MAN,DET,TT,ID5001,1,0,0
Sample H,InfoStealer,Snake,MAN,DET,TT,ID5002,1,0,0
Sample H,InfoStealer,Snake,MAN,CORR,TT,ID5003,1,0,0
Sample H,InfoStealer,Snake,MAI,DET,TT,ID5004,1,0,0
Sample H,InfoStealer,Snake,MAI,DET,TT,ID5005,1,0,0
Sample H,InfoStealer,Snake,MAI,CORR,TT,ID5006,1,0,0
Sample H,InfoStealer,Snake,AI,DET,TT,ID5010,1,0,0
Sample H,InfoStealer,Snake,AI,DET,TT,ID5011,1,0,5
Sample H,InfoStealer,Snake,AI,CORR,TT,ID5012,1,0,0
Sample H,InfoStealer,Snake,MAN,DET,NTT,ID5001,0,15,0
Sample H,InfoStealer,Snake,MAN,DET,NTT,ID5002,1,14,0
Sample H,InfoStealer,Snake,MAN,CORR,NTT,ID5003,0,15,0
Sample H,InfoStealer,Snake,MAI,DET,NTT,ID5004,0,15,0
Sample H,InfoStealer,Snake,MAI,DET,NTT,ID5005,0,15,0
Sample H,InfoStealer,Snake,MAI,CORR,NTT,ID5006,0,15,0
Sample H,InfoStealer,Snake,AI,DET,NTT,ID5010,1,14,0
Sample H,InfoStealer,Snake,AI,DET,NTT,ID5011,0,15,0
Sample H,InfoStealer,Snake,AI,CORR,NTT,ID5012,0,15,0
Sample E,Trojan,Noon,MAN,DET,TT,ID6001,1,0,1
Sample E,Trojan,Noon,MAN,DET,TT,ID6002,1,0,0
Sample E,Trojan,Noon,MAN,CORR,TT,ID6003,1,0,0
Sample E,Trojan,Noon,MAI,DET,TT,ID6004,1,0,1
Sample E,Trojan,Noon,MAI,DET,TT,ID6005,1,0,0
Sample E,Trojan,Noon,MAI,CORR,TT,ID6006,1,0,0
Sample E,Trojan,Noon,AI,DET,TT,ID6010,1,0,2
Sample E,Trojan,Noon,AI,DET,TT,ID6011,1,0,0
Sample E,Trojan,Noon,AI,CORR,TT,ID6012,1,0,0
Sample E,Trojan,Noon,MAN,DET,NTT,ID6001,2,13,0
Sample E,Trojan,Noon,MAN,DET,NTT,ID6002,0,15,0
Sample E,Trojan,Noon,MAN,CORR,NTT,ID6003,0,15,0
Sample E,Trojan,Noon,MAI,DET,NTT,ID6004,2,13,0
Sample E,Trojan,Noon,MAI,DET,NTT,ID6005,0,15,0
Sample E,Trojan,Noon,MAI,CORR,NTT,ID6006,0,15,0
Sample E,Trojan,Noon,AI,DET,NTT,ID6010,0,15,0
Sample E,Trojan,Noon,AI,DET,NTT,ID6011,0,15,0
Sample E,Trojan,Noon,AI,CORR,NTT,ID6012,0,15,0
Sample B,Ransomware,Lockbit,MAN,DET,TT,ID7001,1,0,0
Sample B,Ransomware,Lockbit,MAN,DET,TT,ID7002,1,0,0
Sample B,Ransomware,Lockbit,MAN,CORR,TT,ID7003,1,0,0
Sample B,Ransomware,Lockbit,MAI,DET,TT,ID7004,1,0,0
Sample B,Ransomware,Lockbit,MAI,DET,TT,ID7005,1,0,0
Sample B,Ransomware,Lockbit,MAI,CORR,TT,ID7006,1,0,0
Sample B,Ransomware,Lockbit,AI,DET,TT,ID7010,1,0,13
Sample B,Ransomware,Lockbit,AI,DET,TT,ID7011,1,0,0
Sample B,Ransomware,Lockbit,AI,CORR,TT,ID7012,1,0,0
Sample B,Ransomware,Lockbit,MAN,DET,NTT,ID7001,1,14,0
Sample B,Ransomware,Lockbit,MAN,DET,NTT,ID7002,0,15,0
Sample B,Ransomware,Lockbit,MAN,CORR,NTT,ID7003,0,15,0
Sample B,Ransomware,Lockbit,MAI,DET,NTT,ID7004,1,14,0
Sample B,Ransomware,Lockbit,MAI,DET,NTT,ID7005,0,15,0
Sample B,Ransomware,Lockbit,MAI,CORR,NTT,ID7006,0,15,0
Sample B,Ransomware,Lockbit,AI,DET,NTT,ID7010,1,14,0
Sample B,Ransomware,Lockbit,AI,DET,NTT,ID7011,1,14,0
Sample B,Ransomware,Lockbit,AI,CORR,NTT,ID7012,1,14,0